INSERT INTO ''Library'' (Name, LibraryID) VALUES (''NTNU'', 1);

INSERT INTO LibraryBranch (Name, Address, LibraryBranchID, LibraryID) VALUES (''Ålesund'', ''Larsgårdsvegen 2'', 1, 1);
INSERT INTO LibraryBranch (Name, Address, LibraryBranchID, LibraryID) VALUES (''Gjøvik'', ''Teknologivegen 22'', 2, 1);
INSERT INTO LibraryBranch (Name, Address, LibraryBranchID, LibraryID) VALUES (''Trondheim'', ''Høgskoleringen 1'', 3, 1);

INSERT INTO `Book` (`Title`, `Publisher`, `Author`, `BookID`) VALUES (''Seamless object-oriented workforce'', ''Legros PLC'', ''Alf'', 102);
INSERT INTO `Book` (`Title`, `Publisher`, `Author`, `BookID`) VALUES (''Inverse zeroadministration workforce'', ''Swaniawski-Mitchell'', ''Alf'', 103);
INSERT INTO `Book` (`Title`, `Publisher`, `Author`, `BookID`) VALUES (''Automated uniform synergy'', ''Emard, Mueller and Reilly'', ''Karley'', 104);
INSERT INTO `Book` (`Title`, `Publisher`, `Author`, `BookID`) VALUES (''Operative multimedia capability'', ''Legros PLC'', ''Karley'', 105);
INSERT INTO `Book` (`Title`, `Publisher`, `Author`, `BookID`) VALUES (''Proactive assymetric focusgroup'', ''Ratke, Fisher and Braun'', ''Mayra'', 106);
INSERT INTO `Book` (`Title`, `Publisher`, `Author`, `BookID`) VALUES (''Optional needs-based hub'', ''Berge Ltd'', ''Kitty'', 108);
INSERT INTO `Book` (`Title`, `Publisher`, `Author`, `BookID`) VALUES (''Assimilated client-driven securedline'', ''Marks, Waters and Lynch'', ''Camren'', 112);
INSERT INTO `Book` (`Title`, `Publisher`, `Author`, `BookID`) VALUES (''Team-oriented didactic instructionset'', ''Marks, Waters and Lynch'', ''Pasquale'', 113);
INSERT INTO `Book` (`Title`, `Publisher`, `Author`, `BookID`) VALUES (''Optimized 24/7 GraphicalUserInterface'', ''Marks, Waters and Lynch'', ''Murphy'', 114);
INSERT INTO `Book` (`Title`, `Publisher`, `Author`, `BookID`) VALUES (''Enhanced incremental internetsolution'', ''Upton-Hills'', ''Karley'', 116);
INSERT INTO `Book` (`Title`, `Publisher`, `Author`, `BookID`) VALUES (''Profound high-level pricingstructure'', ''Legros PLC'', ''Sophie'', 117);
INSERT INTO `Book` (`Title`, `Publisher`, `Author`, `BookID`) VALUES (''Polarised needs-based data-warehouse'', ''Legros PLC'', ''Filiberto'', 118);
INSERT INTO `Book` (`Title`, `Publisher`, `Author`, `BookID`) VALUES (''Secured zerodefect structure'', ''Marks, Waters and Lynch'', ''Sam'', 119);
INSERT INTO `Book` (`Title`, `Publisher`, `Author`, `BookID`) VALUES (''Right-sized didactic methodology'', ''Turner-Wiza'', ''Monte'', 120);
INSERT INTO `Book` (`Title`, `Publisher`, `Author`, `BookID`) VALUES (''Ameliorated tertiary definition'', ''Runte Ltd'', ''Pasquale'', 122);
INSERT INTO `Book` (`Title`, `Publisher`, `Author`, `BookID`) VALUES (''Monitored high-level model'', ''Emard, Mueller and Reilly'', ''Viviane'', 124);
INSERT INTO `Book` (`Title`, `Publisher`, `Author`, `BookID`) VALUES (''Re-engineered zerodefect structure'', ''Emard, Mueller and Reilly'', ''Kitty'', 125);
INSERT INTO `Book` (`Title`, `Publisher`, `Author`, `BookID`) VALUES (''Customer-focused tertiary neural-net'', ''Stehr, Funk and Littel'', ''Monte'', 126);
INSERT INTO `Book` (`Title`, `Publisher`, `Author`, `BookID`) VALUES (''Managed attitude-oriented approach'', ''Emard, Mueller and Reilly'', ''Karlee'', 127);
INSERT INTO `Book` (`Title`, `Publisher`, `Author`, `BookID`) VALUES (''Versatile responsive workforce'', ''Turcotte LLC'', ''Cassie'', 128);
INSERT INTO `Book` (`Title`, `Publisher`, `Author`, `BookID`) VALUES (''Profound non-volatile projection'', ''Krajcik, Rolfson and Quitzon'', ''Eino'', 129);
INSERT INTO `Book` (`Title`, `Publisher`, `Author`, `BookID`) VALUES (''Re-engineered system-worthy access'', ''Emard, Mueller and Reilly'', ''Eino'', 130);
INSERT INTO `Book` (`Title`, `Publisher`, `Author`, `BookID`) VALUES (''User-centric grid-enabled artificialintelligence'', ''Schumm LLC'', ''Joshua'', 131);
INSERT INTO `Book` (`Title`, `Publisher`, `Author`, `BookID`) VALUES (''User-centric didactic frame'', ''Gerlach and Sons'', ''Harmon'', 132);
INSERT INTO `Book` (`Title`, `Publisher`, `Author`, `BookID`) VALUES (''Cloned directional matrices'', ''Becker-Monahan'', ''Harmon'', 133);
INSERT INTO `Book` (`Title`, `Publisher`, `Author`, `BookID`) VALUES (''Multi-lateral optimizing toolset'', ''Jenkins Group'', ''Filiberto'', 134);
INSERT INTO `Book` (`Title`, `Publisher`, `Author`, `BookID`) VALUES (''Distributed 5thgeneration synergy'', ''Nienow, Brakus and Witting'', ''Camren'', 136);
INSERT INTO `Book` (`Title`, `Publisher`, `Author`, `BookID`) VALUES (''Stand-alone scalable portal'', ''Koepp Inc'', ''Joshua'', 138);
INSERT INTO `Book` (`Title`, `Publisher`, `Author`, `BookID`) VALUES (''Seamless didactic hardware'', ''Grant, Durgan and Shields'', ''Filiberto'', 139);
INSERT INTO `Book` (`Title`, `Publisher`, `Author`, `BookID`) VALUES (''User-friendly coherent structure'', ''Emard, Mueller and Reilly'', ''Kaylah'', 140);
INSERT INTO `Book` (`Title`, `Publisher`, `Author`, `BookID`) VALUES (''Devolved object-oriented moderator'', ''Hodkiewicz, King and Sawayn'', ''Harmon'', 141);
INSERT INTO `Book` (`Title`, `Publisher`, `Author`, `BookID`) VALUES (''Multi-lateral client-server localareanetwork'', ''Dare, Hills and Leannon'', ''Alf'', 142);
INSERT INTO `Book` (`Title`, `Publisher`, `Author`, `BookID`) VALUES (''Self-enabling intermediate protocol'', ''Hudson-VonRueden'', ''Freeman'', 143);
INSERT INTO `Book` (`Title`, `Publisher`, `Author`, `BookID`) VALUES (''Organic zeroadministration architecture'', ''Emard, Mueller and Reilly'', ''Freeman'', 149);
INSERT INTO `Book` (`Title`, `Publisher`, `Author`, `BookID`) VALUES (''Pre-emptive maximized moratorium'', ''Emard, Mueller and Reilly'', ''Murphy'', 150);
INSERT INTO `Book` (`Title`, `Publisher`, `Author`, `BookID`) VALUES (''Right-sized reciprocal contingency'', ''Koss, Sawayn and Waters'', ''Sophie'', 151);
INSERT INTO `Book` (`Title`, `Publisher`, `Author`, `BookID`) VALUES (''Multi-lateral stable access'', ''Pfeffer-Deckow'', ''Karlee'', 152);
INSERT INTO `Book` (`Title`, `Publisher`, `Author`, `BookID`) VALUES (''Intuitive 5thgeneration parallelism'', ''Cummerata, Schumm and Kreiger'', ''Eino'', 154);
INSERT INTO `Book` (`Title`, `Publisher`, `Author`, `BookID`) VALUES (''Secured responsive adapter'', ''Marks, Waters and Lynch'', ''Sam'', 155);
INSERT INTO `Book` (`Title`, `Publisher`, `Author`, `BookID`) VALUES (''Monitored asynchronous interface'', ''Mante, Schinner and Harber'', ''Viviane'', 156);
INSERT INTO `Book` (`Title`, `Publisher`, `Author`, `BookID`) VALUES (''Assimilated holistic policy'', ''Hand-Braun'', ''Cassie'', 157);
INSERT INTO `Book` (`Title`, `Publisher`, `Author`, `BookID`) VALUES (''Robust tertiary neural-net'', ''Nienow Group'', ''Karlee'', 158);
INSERT INTO `Book` (`Title`, `Publisher`, `Author`, `BookID`) VALUES (''Enterprise-wide actuating instructionset'', ''Pagac-Pfeffer'', ''Freeman'', 159);
INSERT INTO `Book` (`Title`, `Publisher`, `Author`, `BookID`) VALUES (''Visionary user-facing openarchitecture'', ''Marks, Waters and Lynch'', ''Mayra'', 160);
INSERT INTO `Book` (`Title`, `Publisher`, `Author`, `BookID`) VALUES (''Up-sized 6thgeneration application'', ''Sanford-Watsica'', ''Kaylah'', 162);
INSERT INTO `Book` (`Title`, `Publisher`, `Author`, `BookID`) VALUES (''Reduced mobile internetsolution'', ''Marks, Waters and Lynch'', ''Sanford'', 164);
INSERT INTO `Book` (`Title`, `Publisher`, `Author`, `BookID`) VALUES (''Innovative web-enabled application'', ''Marks, Waters and Lynch'', ''Sanford'', 165);
INSERT INTO `Book` (`Title`, `Publisher`, `Author`, `BookID`) VALUES (''Streamlined web-enabled forecast'', ''Marks, Waters and Lynch'', ''Joshua'', 167);
INSERT INTO `Book` (`Title`, `Publisher`, `Author`, `BookID`) VALUES (''Innovative local standardization'', ''Adams-Robel'', ''Cassie'', 169);
INSERT INTO `Book` (`Title`, `Publisher`, `Author`, `BookID`) VALUES (''Re-contextualized incremental approach'', ''Hackett-Maggio'', ''Camren'', 170);

INSERT INTO `LibraryBook` (`bookID`, `LibraryBranchID`, `copies`, `LibraryBookID`) VALUES (134, 2, 2, 300);
INSERT INTO `LibraryBook` (`bookID`, `LibraryBranchID`, `copies`, `LibraryBookID`) VALUES (118, 3, 1, 301);
INSERT INTO `LibraryBook` (`bookID`, `LibraryBranchID`, `copies`, `LibraryBookID`) VALUES (112, 1, 7, 302);
INSERT INTO `LibraryBook` (`bookID`, `LibraryBranchID`, `copies`, `LibraryBookID`) VALUES (117, 2, 5, 303);
INSERT INTO `LibraryBook` (`bookID`, `LibraryBranchID`, `copies`, `LibraryBookID`) VALUES (131, 2, 7, 304);
INSERT INTO `LibraryBook` (`bookID`, `LibraryBranchID`, `copies`, `LibraryBookID`) VALUES (138, 1, 1, 305);
INSERT INTO `LibraryBook` (`bookID`, `LibraryBranchID`, `copies`, `LibraryBookID`) VALUES (122, 3, 1, 306);
INSERT INTO `LibraryBook` (`bookID`, `LibraryBranchID`, `copies`, `LibraryBookID`) VALUES (127, 1, 1, 307);
INSERT INTO `LibraryBook` (`bookID`, `LibraryBranchID`, `copies`, `LibraryBookID`) VALUES (128, 2, 3, 308);
INSERT INTO `LibraryBook` (`bookID`, `LibraryBranchID`, `copies`, `LibraryBookID`) VALUES (103, 2, 4, 309);
INSERT INTO `LibraryBook` (`bookID`, `LibraryBranchID`, `copies`, `LibraryBookID`) VALUES (104, 3, 3, 310);
INSERT INTO `LibraryBook` (`bookID`, `LibraryBranchID`, `copies`, `LibraryBookID`) VALUES (113, 2, 7, 311);
INSERT INTO `LibraryBook` (`bookID`, `LibraryBranchID`, `copies`, `LibraryBookID`) VALUES (126, 3, 3, 312);
INSERT INTO `LibraryBook` (`bookID`, `LibraryBranchID`, `copies`, `LibraryBookID`) VALUES (130, 1, 6, 313);
INSERT INTO `LibraryBook` (`bookID`, `LibraryBranchID`, `copies`, `LibraryBookID`) VALUES (120, 2, 9, 314);
INSERT INTO `LibraryBook` (`bookID`, `LibraryBranchID`, `copies`, `LibraryBookID`) VALUES (102, 1, 4, 315);
INSERT INTO `LibraryBook` (`bookID`, `LibraryBranchID`, `copies`, `LibraryBookID`) VALUES (114, 3, 2, 316);
INSERT INTO `LibraryBook` (`bookID`, `LibraryBranchID`, `copies`, `LibraryBookID`) VALUES (136, 3, 3, 317);
INSERT INTO `LibraryBook` (`bookID`, `LibraryBranchID`, `copies`, `LibraryBookID`) VALUES (132, 3, 9, 318);
INSERT INTO `LibraryBook` (`bookID`, `LibraryBranchID`, `copies`, `LibraryBookID`) VALUES (105, 1, 5, 319);
INSERT INTO `LibraryBook` (`bookID`, `LibraryBranchID`, `copies`, `LibraryBookID`) VALUES (129, 3, 2, 320);
INSERT INTO `LibraryBook` (`bookID`, `LibraryBranchID`, `copies`, `LibraryBookID`) VALUES (140, 3, 8, 321);
INSERT INTO `LibraryBook` (`bookID`, `LibraryBranchID`, `copies`, `LibraryBookID`) VALUES (116, 1, 1, 322);
INSERT INTO `LibraryBook` (`bookID`, `LibraryBranchID`, `copies`, `LibraryBookID`) VALUES (119, 1, 7, 323);
INSERT INTO `LibraryBook` (`bookID`, `LibraryBranchID`, `copies`, `LibraryBookID`) VALUES (124, 1, 7, 324);
INSERT INTO `LibraryBook` (`bookID`, `LibraryBranchID`, `copies`, `LibraryBookID`) VALUES (125, 2, 7, 325);
INSERT INTO `LibraryBook` (`bookID`, `LibraryBranchID`, `copies`, `LibraryBookID`) VALUES (106, 2, 1, 326);
INSERT INTO `LibraryBook` (`bookID`, `LibraryBranchID`, `copies`, `LibraryBookID`) VALUES (108, 3, 3, 327);
INSERT INTO `LibraryBook` (`bookID`, `LibraryBranchID`, `copies`, `LibraryBookID`) VALUES (133, 1, 4, 329);
INSERT INTO `LibraryBook` (`bookID`, `LibraryBranchID`, `copies`, `LibraryBookID`) VALUES (139, 2, 2, 330);

INSERT INTO `Loan` (`Lending Date`, `Due Date`, `BorrowerID`, `LibraryBranchID`, `bookID`, `LoanID`) VALUES (2019-10-14, 2019-11-14, 207, 1, 112, 400);
INSERT INTO `Loan` (`Lending Date`, `Due Date`, `BorrowerID`, `LibraryBranchID`, `bookID`, `LoanID`) VALUES (2019-10-15, 2019-11-14, 211, 2, 117, 401);
INSERT INTO `Loan` (`Lending Date`, `Due Date`, `BorrowerID`, `LibraryBranchID`, `bookID`, `LoanID`) VALUES (2019-10-16, 2019-11-14, 213, 1, 119, 402);
INSERT INTO `Loan` (`Lending Date`, `Due Date`, `BorrowerID`, `LibraryBranchID`, `bookID`, `LoanID`) VALUES (2019-10-17, 2019-11-14, 214, 2, 120, 403);
INSERT INTO `Loan` (`Lending Date`, `Due Date`, `BorrowerID`, `LibraryBranchID`, `bookID`, `LoanID`) VALUES (2019-10-18, 2019-11-14, 204, 1, 105, 404);
INSERT INTO `Loan` (`Lending Date`, `Due Date`, `BorrowerID`, `LibraryBranchID`, `bookID`, `LoanID`) VALUES (2019-10-19, 2019-11-14, 203, 3, 104, 405);
INSERT INTO `Loan` (`Lending Date`, `Due Date`, `BorrowerID`, `LibraryBranchID`, `bookID`, `LoanID`) VALUES (2019-10-20, 2019-11-14, 205, 2, 106, 406);
INSERT INTO `Loan` (`Lending Date`, `Due Date`, `BorrowerID`, `LibraryBranchID`, `bookID`, `LoanID`) VALUES (2019-10-21, 2019-11-14, 212, 3, 118, 407);
INSERT INTO `Loan` (`Lending Date`, `Due Date`, `BorrowerID`, `LibraryBranchID`, `bookID`, `LoanID`) VALUES (2019-11-22, 2019-11-14, 215, 3, 122, 408);
INSERT INTO `Loan` (`Lending Date`, `Due Date`, `BorrowerID`, `LibraryBranchID`, `bookID`, `LoanID`) VALUES (2019-11-01, 2019-11-14, 200, 1, 102, 409);
INSERT INTO `Loan` (`Lending Date`, `Due Date`, `BorrowerID`, `LibraryBranchID`, `bookID`, `LoanID`) VALUES (2019-11-02, 2019-11-14, 210, 1, 116, 410);
INSERT INTO `Loan` (`Lending Date`, `Due Date`, `BorrowerID`, `LibraryBranchID`, `bookID`, `LoanID`) VALUES (2019-11-03, 2019-11-14, 209, 3, 114, 411);
INSERT INTO `Loan` (`Lending Date`, `Due Date`, `BorrowerID`, `LibraryBranchID`, `bookID`, `LoanID`) VALUES (2019-11-04, 2019-11-14, 208, 2, 113, 412);
INSERT INTO `Loan` (`Lending Date`, `Due Date`, `BorrowerID`, `LibraryBranchID`, `bookID`, `LoanID`) VALUES (2019-11-05, 2019-11-14, 202, 2, 103, 413);
INSERT INTO `Loan` (`Lending Date`, `Due Date`, `BorrowerID`, `LibraryBranchID`, `bookID`, `LoanID`) VALUES (2019-11-06, 2019-11-14, 206, 3, 108, 415);

INSERT INTO `Borrower` (`Name`, `address`, `phone`, `BorrowerID`) VALUES (''Prof. Kelvin Beatty I'', ''17439 Kub Streets'', 99110789, 200);
INSERT INTO `Borrower` (`Name`, `address`, `phone`, `BorrowerID`) VALUES (''Duncan Johnson'', ''39390 Maia Summit Apt. 945'', 95617290, 201);
INSERT INTO `Borrower` (`Name`, `address`, `phone`, `BorrowerID`) VALUES (''Mr. Nathen McKenzie'', ''83455 Cormier Prairie Apt. 952'', 97362981, 202);
INSERT INTO `Borrower` (`Name`, `address`, `phone`, `BorrowerID`) VALUES (''Alexanne Simonis'', ''6743 Casandra Road Apt. 028'', 96556438, 203);
INSERT INTO `Borrower` (`Name`, `address`, `phone`, `BorrowerID`) VALUES (''Dustin Wolff'', ''2243 Karine Ridge Suite 551'', 93171311, 204);
INSERT INTO `Borrower` (`Name`, `address`, `phone`, `BorrowerID`) VALUES (''Magali Waelchi'', ''916 Berge Estate'', 91041965, 205);
INSERT INTO `Borrower` (`Name`, `address`, `phone`, `BorrowerID`) VALUES (''Darien Lubowitz'', ''34149 Marvin Keys Suite 734'', 91969469, 206);
INSERT INTO `Borrower` (`Name`, `address`, `phone`, `BorrowerID`) VALUES (''Miss Fleta Frami II'', ''318 Schneider Pass Suite 774'', 99864465, 207);
INSERT INTO `Borrower` (`Name`, `address`, `phone`, `BorrowerID`) VALUES (''Woodrow McCullough'', ''373 Lorena Freeway'', 92391820, 208);
INSERT INTO `Borrower` (`Name`, `address`, `phone`, `BorrowerID`) VALUES (''Prof. Janet White'', ''560 Blanda Union Suite 857'', 92147413, 209);
INSERT INTO `Borrower` (`Name`, `address`, `phone`, `BorrowerID`) VALUES (''Judy Anderson Jr.'', ''8218 Bahringer Divide'', 91029389, 210);
INSERT INTO `Borrower` (`Name`, `address`, `phone`, `BorrowerID`) VALUES (''Valerie Feest'', ''97621 Elva Street'', 95874467, 211);
INSERT INTO `Borrower` (`Name`, `address`, `phone`, `BorrowerID`) VALUES (''Kenyon Terry'', ''86338 Moore Trail Suite 330'', 90067947, 212);
INSERT INTO `Borrower` (`Name`, `address`, `phone`, `BorrowerID`) VALUES (''Miss Savanah Volkman'', ''77355 Fisher River'', 95879883, 213);
INSERT INTO `Borrower` (`Name`, `address`, `phone`, `BorrowerID`) VALUES (''Cloyd West'', ''53252 Cecil Bypass Apt. 778'', 94728030, 214);
INSERT INTO `Borrower` (`Name`, `address`, `phone`, `BorrowerID`) VALUES (''Eileen Morar'', ''1268 Virgil Knoll Apt. 716'', 92186458, 215);
INSERT INTO `Borrower` (`Name`, `address`, `phone`, `BorrowerID`) VALUES (''Miss Nia Koepp DVM'', ''61158 Harold Parkways'', 98100174, 216);
INSERT INTO `Borrower` (`Name`, `address`, `phone`, `BorrowerID`) VALUES (''Miss Clare Lueilwitz'', ''897 Emiliano Mill Suite 446'', 94173412, 217);
INSERT INTO `Borrower` (`Name`, `address`, `phone`, `BorrowerID`) VALUES (''Mr. Kevin Hintz'', ''4285 Jammie Wells Apt. 254'', 92357767, 218);
INSERT INTO `Borrower` (`Name`, `address`, `phone`, `BorrowerID`) VALUES (''Prof. Ottilie Wilderman'', ''2014 Collins Shore Apt. 701'', 92046239, 219);
INSERT INTO `Borrower` (`Name`, `address`, `phone`, `BorrowerID`) VALUES (''Emil Becker PhD'', ''78755 Simonis Land'', 93369221, 220);
INSERT INTO `Borrower` (`Name`, `address`, `phone`, `BorrowerID`) VALUES (''Emmie Gibson'', ''354 Dalton Walk'', 90023758, 221);
INSERT INTO `Borrower` (`Name`, `address`, `phone`, `BorrowerID`) VALUES (''Mrs. Carli Dickens'', ''32526 Schinner Hills Apt. 406'', 92891146, 222);
INSERT INTO `Borrower` (`Name`, `address`, `phone`, `BorrowerID`) VALUES (''Brandi Tromp'', ''2872 Swift Village Suite 424'', 96389161, 223);
INSERT INTO `Borrower` (`Name`, `address`, `phone`, `BorrowerID`) VALUES (''Ms. Lori Abernathy MD'', ''39810 Kris Flat'', 99726903, 224);
INSERT INTO `Borrower` (`Name`, `address`, `phone`, `BorrowerID`) VALUES (''Cheyanne Jaskolski'', ''5116 Gerhold Well'', 97158740, 225);
INSERT INTO `Borrower` (`Name`, `address`, `phone`, `BorrowerID`) VALUES (''Oswaldo Hane II'', ''4906 Judson Ports Apt. 757'', 94394330, 226);
INSERT INTO `Borrower` (`Name`, `address`, `phone`, `BorrowerID`) VALUES (''Esperanza Wyman'', ''6888 Jada Forges Suite 579'', 99693855, 227);
INSERT INTO `Borrower` (`Name`, `address`, `phone`, `BorrowerID`) VALUES (''Kyleigh McClure'', ''75070 Skiles Overpass Apt. 830'', 99091468, 229);
INSERT INTO `Borrower` (`Name`, `address`, `phone`, `BorrowerID`) VALUES (''Queenie Willms'', ''058 Morissette Forks'', 95158592, 230);
INSERT INTO `Borrower` (`Name`, `address`, `phone`, `BorrowerID`) VALUES (''Mr. Jess Larson'', ''1555 Edmond Springs'', 93087331, 231);
INSERT INTO `Borrower` (`Name`, `address`, `phone`, `BorrowerID`) VALUES (''Dr. Camylle Johns DDS'', ''437 Thaddeus Parks Apt. 727'', 92423361, 232);
INSERT INTO `Borrower` (`Name`, `address`, `phone`, `BorrowerID`) VALUES (''Colt Kovacek'', ''9313 Yost Village'', 97231970, 233);
INSERT INTO `Borrower` (`Name`, `address`, `phone`, `BorrowerID`) VALUES (''Travon Moore I'', ''539 Douglas Wells Apt. 536'', 94775263, 234);
INSERT INTO `Borrower` (`Name`, `address`, `phone`, `BorrowerID`) VALUES (''Emilie Dickinson'', ''8454 Tristin Street Apt. 138'', 90965723, 235);
INSERT INTO `Borrower` (`Name`, `address`, `phone`, `BorrowerID`) VALUES (''Elroy Dickinson'', ''17925 Schmeler Bypass Suite 642'', 92763063, 236);
INSERT INTO `Borrower` (`Name`, `address`, `phone`, `BorrowerID`) VALUES (''Jose Armstrong'', ''72864 Cronin Ville Suite 081'', 92949463, 237);
INSERT INTO `Borrower` (`Name`, `address`, `phone`, `BorrowerID`) VALUES (''Prof. Estell Tromp Sr.'', ''2859 Dario Station'', 90541119, 238);
INSERT INTO `Borrower` (`Name`, `address`, `phone`, `BorrowerID`) VALUES (''Providenci Okuneva'', ''67344 Gordon Cliff'', 99798900, 239);
INSERT INTO `Borrower` (`Name`, `address`, `phone`, `BorrowerID`) VALUES (''Karine Willms'', ''23634 Moore Inlet Suite 674'', 97183267, 240);
INSERT INTO `Borrower` (`Name`, `address`, `phone`, `BorrowerID`) VALUES (''Oliver Bauch'', ''52318 Kale Meadows Apt. 154'', 91030068, 241);
INSERT INTO `Borrower` (`Name`, `address`, `phone`, `BorrowerID`) VALUES (''Jana Hoppe'', ''3810 Arch Oval Apt. 641'', 96660052, 242);
INSERT INTO `Borrower` (`Name`, `address`, `phone`, `BorrowerID`) VALUES (''Prof. Beryl Schaden'', ''225 Robel Ways Suite 101'', 91792413, 243);
INSERT INTO `Borrower` (`Name`, `address`, `phone`, `BorrowerID`) VALUES (''Sherman Cummings'', ''6848 Lebsack Springs Suite 701'', 97098497, 244);
INSERT INTO `Borrower` (`Name`, `address`, `phone`, `BorrowerID`) VALUES (''Dr. Maude Heathcote'', ''372 Arch Branch Suite 506'', 94384266, 245);
INSERT INTO `Borrower` (`Name`, `address`, `phone`, `BorrowerID`) VALUES (''Dr. Lori Beatty'', ''307 Xander Unions Suite 732'', 92488982, 246);
INSERT INTO `Borrower` (`Name`, `address`, `phone`, `BorrowerID`) VALUES (''Mr. Aiden Kuhn PhD'', ''503 Terence Skyway'', 94076445, 247);
INSERT INTO `Borrower` (`Name`, `address`, `phone`, `BorrowerID`) VALUES (''Mr. Joany Hammes PhD'', ''8938 Hudson Mill Suite 239'', 92518115, 248);
INSERT INTO `Borrower` (`Name`, `address`, `phone`, `BorrowerID`) VALUES (''Mr. Thurman Moen MD'', ''3955 Darion Shoals'', 95321988, 249);
INSERT INTO `Borrower` (`Name`, `address`, `phone`, `BorrowerID`) VALUES (''Ms. Cassie Corwin'', ''75103 Kertzmann Meadow'', 98145955, 250);

INSERT INTO `Authors` (`name`) VALUES (''Adrain Stamm III'');
INSERT INTO `Authors` (`name`) VALUES (''Alexanne Bruen'');
INSERT INTO `Authors` (`name`) VALUES (''Anastacio Roob'');
INSERT INTO `Authors` (`name`) VALUES (''Dr. Adelbert Gutkowski'');
INSERT INTO `Authors` (`name`) VALUES (''Dr. Brittany Steuber'');
INSERT INTO `Authors` (`name`) VALUES (''Durward Friesen'');
INSERT INTO `Authors` (`name`) VALUES (''Emmitt Powlowski'');
INSERT INTO `Authors` (`name`) VALUES (''Everardo Homenick V'');
INSERT INTO `Authors` (`name`) VALUES (''Helmer Dare'');
INSERT INTO `Authors` (`name`) VALUES (''Jada Macejkovic'');
INSERT INTO `Authors` (`name`) VALUES (''Keaton Gottlieb'');
INSERT INTO `Authors` (`name`) VALUES (''Miss Arvilla Haley Jr.'');
INSERT INTO `Authors` (`name`) VALUES (''Mrs. Velda Kutch I'');
INSERT INTO `Authors` (`name`) VALUES (''Ms. Aditya Bayer MD'');
INSERT INTO `Authors` (`name`) VALUES (''Neoma Harber'');
INSERT INTO `Authors` (`name`) VALUES (''Niko Lueilwitz'');
INSERT INTO `Authors` (`name`) VALUES (''Octavia Stokes DDS'');
INSERT INTO `Authors` (`name`) VALUES (''Otha Nienow'');
INSERT INTO `Authors` (`name`) VALUES (''Peter Huel'');
INSERT INTO `Authors` (`name`) VALUES (''Prof. Bryce Stamm'');
INSERT INTO `Authors` (`name`) VALUES (''Prof. Elvera Terry'');
INSERT INTO `Authors` (`name`) VALUES (''Prof. Koby Cummings'');
INSERT INTO `Authors` (`name`) VALUES (''Prof. Rhiannon Leannon'');
INSERT INTO `Authors` (`name`) VALUES (''Reva Block'');
INSERT INTO `Authors` (`name`) VALUES (''Salma Hickle'');
INSERT INTO `Authors` (`name`) VALUES (''Shayne Baumbach IV'');
INSERT INTO `Authors` (`name`) VALUES (''Tomas Von'');
INSERT INTO `Authors` (`name`) VALUES (''Travon Cole'');
INSERT INTO `Authors` (`name`) VALUES (''Tristian Reinger DVM'');
INSERT INTO `Authors` (`name`) VALUES (''Verner Braun'');